plate_num,owner_name,timestamp,geo_lat,geo_long,camera_id
DL-9C-1122,Apex Traders (Rudra Pratap),2025-03-12T14:00:00Z,28.5494,77.2001,CAM-HK-01
DL-9C-1122,Apex Traders (Rudra Pratap),2026-05-22T02:15:00Z,28.5190,77.1818,CAM-MH-05
DL-9C-1122,Apex Traders (Rudra Pratap),2024-11-20T10:00:00Z,28.5292,77.1541,CAM-VK-02
HR-26-DK-9988,Unknown,2025-07-19T22:20:00Z,28.4595,77.0266,CAM-GG-99
HR-26-DK-9988,Unknown,2026-04-18T16:50:00Z,26.9124,75.7873,CAM-JP-44
HR-26-DK-9988,Unknown,2026-11-02T08:00:00Z,24.5854,73.7125,CAM-UP-08
DL04CC8891,Gaurav Verma,2026-10-14T11:20:00Z,28.6304,77.2177,CAM-CP-01
DL04CC8891,Gaurav Verma,2026-08-05T10:18:00Z,28.8955,76.5892,CAM-RT-12
DL04CC8891,Gaurav Verma,2025-12-10T14:15:00Z,28.4089,77.3178,CAM-FB-17
